accuracy,time_played,deaths,score,performance
62.472407130841745,30.36462217224816,6,596.7873685084406,1
97.04285838459498,69.6091042116194,2,1108.2514311894347,2
83.9196365086843,106.0240419464049,13,851.9999580545353,2
75.91950905182219,90.54473750505173,9,743.1183691080204,1
49.36111842654619,98.72172626475947,15,417.980218312204,0
49.35967122017216,82.46617033817891,15,475.07166909204784,0
43.48501673009197,86.15042209696377,9,541.7746196419758,0
91.97056874649611,103.41152167218512,12,1005.2928862005339,2
76.06690070459253,37.46348097451045,5,772.2037664820479,1
82.48435466776273,63.83674600074545,11,727.3604085782836,1
41.23506965774815,34.33303860015624,8,360.6991959391505,0
98.19459112971967,118.64348087963117,12,1117.3456296539803,2
89.94655844802531,113.84652736552746,3,1113.0830582341318,2
52.74034664069657,14.33694925053565,10,395.7034887738434,0
50.909498032426036,87.61326897672573,19,430.7527799197726,0
51.00427059120603,111.77731491572324,17,415.1275754127265,0
58.254534577572265,29.863287964006688,10,457.48835281132597,0
71.48538589793426,72.47397536078924,3,760.592240149805,1
65.91670111852694,110.7037127346846,17,649.0530275720603,1
57.47374841188251,13.734057644437872,0,637.9107743937055,1
76.71117368334276,86.71622939715239,6,842.852894267814,2
48.36963163912251,42.70839081098058,5,450.46661417620794,0
57.528678912113094,111.68358149141834,14,587.6664974272363,1
61.9817105976215,116.81640696819045,17,574.1209253789056,0
67.36419905302216,113.86931380247773,10,711.5720829004898,1
87.11055768358082,62.16356383232102,19,727.3823887659127,1
51.98042692950158,104.82469160882448,14,481.5540413867311,0
70.8540663048167,102.90043383885774,15,611.0240440776778,1
75.54487413172255,45.10105205675812,6,688.4451219125824,1
42.78702476319987,101.18070215657451,9,415.0686286043501,0
76.45269111408629,14.070839818704188,11,640.0441866070815,1
50.23144742123749,75.58968663302583,13,466.01411938723476,0
43.90309557911677,35.30097210164733,4,454.65890471987046,0
96.93313223519999,23.262357435500668,17,790.2426198469984,2
97.93792198447356,18.464852179213008,4,1015.9068670090174,2
88.50384088698766,86.59176534659537,2,998.6086130218115,2
58.27682615040224,47.38624601448728,4,637.8646273949179,1
45.86032684038303,89.72434486816375,16,319.071182769864,0
81.05398159072942,17.18919748788366,18,643.8536981962292,1
66.40914962437608,44.68193716136714,18,421.2138086555873,0
47.32229409068673,69.34404216128709,11,411.40696927741965,0
69.71061460667622,96.97954813228598,8,741.1797666446795,1
42.063311266913104,45.06277532252769,0,434.4451134780758,0
94.55922412472692,78.848051408071,17,849.9171229338394,2
55.52679889600101,107.45755230598058,3,735.8782869820454,1
79.75133706123893,77.74495070005351,9,808.5325884634187,2
58.70266456536466,35.62554222289971,6,491.26534849789215,0
71.20408127066865,12.684085971219183,0,836.5782963917105,2
72.80261676059678,105.71087612910229,16,726.9094596892547,1
51.091267331531625,12.339635193542584,1,652.3030458848993,1
98.17507766587352,106.21718399526193,10,1003.9296826549444,2
86.50796940166687,68.18308474299332,8,929.3399749115042,2
96.36993649385136,113.29744683641857,6,1139.257952981059,2
93.68964102565893,97.8661559351032,16,878.0999669719276,2
75.8739987286651,119.77275215866712,16,828.8380366569465,2
95.312454101387,48.57829969968812,1,1015.0106400325574,2
45.30955012311517,94.39071178242396,5,548.8323538247694,0
51.75897174514871,54.21240049701664,13,257.44302384860123,0
42.71363733463228,62.786318233429974,5,498.16041250031464,0
59.519819845795865,79.0256009540207,1,671.9739047818797,1
63.320637381368925,106.10448256049726,0,817.8792791499081,2
56.28094190643375,118.24918161192247,9,612.9968003509312,1
89.72425054911577,94.51007552509701,4,1007.9510795754385,2
61.40519960161536,55.95434603840671,1,733.1546996038387,1
56.85607058124285,56.34927025047772,15,456.8163244658219,0
72.56176498949492,91.13405317477806,1,928.3678207697956,2
48.45545349848576,36.26548603451326,9,485.3669838331657,0
88.13181884524238,22.152152444453414,1,892.1826965074388,2
44.47303862078625,49.00843734048542,15,293.8188987880277,0
99.21321619603104,41.596289081948996,15,898.2111228073088,2
86.33468615779944,42.59389325015891,18,730.3870125153086,1
51.92294089205035,35.696852615490094,6,537.6526575566361,0
40.331327027416144,14.630250859999807,11,219.9648316571936,0
88.92768570729005,11.966132820675519,14,724.3418759893317,1
82.41144063085703,118.64946287096348,7,961.8868622528618,2
83.74043008245924,57.055044710944856,5,929.1408373139652,2
86.27622080115674,52.275931187564986,9,803.67046590981,2
44.442679104045425,84.76120109623768,2,500.6186786754338,0
61.507943712656356,34.007927665157055,18,447.6071324758913,0
46.95214357150778,114.49573023452479,16,330.59447702127227,0
91.78620555253562,96.49795158571072,6,984.282288501961,2
77.39788760965348,19.835210254348546,19,477.4895210393172,0
59.85388149115895,55.93388533634212,3,613.9098520389864,1
43.81350101716142,106.70301383183812,13,419.0894642875357,0
58.65893930293973,113.92052245205514,19,590.2991164210891,1
59.51099932160482,61.414166237485674,14,548.9660966413383,0
83.77637070028385,77.47525281317785,7,875.1276785295689,2
78.25344828131279,28.373734070128275,14,685.9631245463368,1
93.23276455457959,119.02854887506741,19,832.269885537612,2
68.33289550971696,35.483887152178774,13,499.38256011416934,0
47.1756547562981,113.70049515486382,8,622.3373708350382,1
82.7946872333797,81.46113138916053,7,914.8512965782504,2
85.64710291701385,76.8510474366745,16,747.1599539643214,1
73.67663185416978,66.39573621181594,1,797.7847462804233,2
86.25803079727366,35.373679288953454,2,976.3142603025404,2
69.62773578186344,29.418083520605908,7,564.1083973124553,0
71.36396976291965,34.25348299771929,11,587.2253668574571,1
65.65246110151298,30.508208835867997,0,728.9698550627608,1
41.52514760464571,95.75429209234287,9,561.8683006527152,0
46.473485619598264,48.51377850834031,19,295.91742381632423,0
41.885751141204054,16.3626944219736,2,445.59813290665267,0
78.18462467582683,116.60128931548924,5,911.5796403818404,2
58.8613588645796,107.21644734597683,6,741.4704946014795,1
70.51424146988217,112.05275115147343,19,649.5133830457229,1
94.45398843556558,119.43986049110788,17,848.9963783169935,2
54.9575337489325,29.128477414143603,10,497.47903499226754,0
64.62297538213778,53.58662207929246,18,531.9226674723053,0
85.33306831258292,93.40623232745004,4,1020.3114002217875,2
53.72788992949735,86.56226798591715,18,442.06983155009783,0
44.61879458972758,26.928549697384057,10,302.2362011345615,0
57.38508717482608,99.74164374896796,11,492.8749726819535,0
49.67327723524026,34.68846290203267,9,438.9623784265405,0
95.78185914055439,34.619937630488536,7,976.1555696535634,2
88.48722277386501,69.06718651827549,8,952.7832242293551,2
78.00422539062541,75.22339283258735,3,926.2926817411211,2
92.28763541126307,73.80948286215923,4,1006.7847709094797,2
88.22032461394687,20.063552113753037,7,871.7035590685497,2
51.19420353316215,106.52069488934184,8,651.1915163031003,1
93.55353990939867,39.216004684757664,14,782.835730427424,1
72.36053451493905,24.246641341108457,14,595.9285286623997,1
88.44640930984374,107.76228878558749,15,848.1907133991479,2
93.7654779954096,115.12166480527287,13,999.8993211454879,2
59.08020849831183,104.83403789919957,7,630.5143285664642,1
46.60311547166061,99.04676821973659,17,348.0141007224332,0
53.6761097525165,82.0766178702924,9,618.8246856129452,1
65.62646731757538,70.59431076700533,19,559.3313008200026,0
89.08088595534959,19.568543590255118,5,886.6265237627977,2
91.64383499538062,54.929853437776856,11,865.6964978820014,2
40.41712783187144,50.99573687135454,1,371.59903051021604,0
70.64483815465394,38.57291621363588,6,689.8504170634867,1
65.04466018892674,89.57621250574434,15,627.308185260248,1
53.326468628243816,64.54633085866479,2,605.6206856217881,1
47.19192204002097,18.915083749841273,12,294.1246782594804,0
60.25691028421768,34.22015221447924,2,713.2304266788199,1
96.57458223475115,85.15846400255555,17,878.0483007830419,2
59.39217592124531,18.374394543933022,10,503.4103067824382,0
71.12743730460197,103.63276054536456,7,852.2464672177172,2
82.18113753371067,64.46611797153717,5,825.6717574549272,2
61.81777614275764,62.86452350593128,0,753.5671795751487,1
98.30692496325764,75.16485631254693,0,1199.3811869815352,2
97.74683769652668,100.71490625176641,7,1164.8593486337857,2
55.10693774952185,48.25901286924123,4,589.5842230944355,1
69.83491035354312,84.58177678149698,15,630.6154797310716,1
58.052698589006184,72.23051603953701,10,588.4392213760125,1
57.090429662648056,39.37310971863634,4,601.8323684151293,1
42.213216841271965,106.64929849906738,3,659.7686687174121,1
76.57386003879381,97.7168623767621,5,836.3527406831089,2
70.16074139373168,82.4297018124268,13,657.4731632538693,1
43.08872507499936,103.5639902003666,18,312.15816480690125,0
56.71878785419669,105.40236210557826,8,607.3878584632446,1
94.49595315799922,87.91992743865383,11,974.6280872142562,2
54.37371344001835,102.07146612000392,10,638.3729587220428,1
48.693692325473386,86.7218607836212,13,432.911060134789,0
69.36716561665378,84.81548489363304,15,676.9073654025683,1
99.13902724663603,78.04725160367028,0,1203.0637085302992,2
54.523316290690026,92.79883035134054,12,647.5661235312508,1
80.32813284435272,27.446561582238107,12,681.6617940500558,1
85.69717691972306,106.89578351188213,1,1023.7751098487882,2
54.25825263954398,105.90278805197552,3,659.2645059190961,1
83.69298091671158,13.217201133801506,5,733.274551538724,1
62.06698796315519,100.83984256212389,4,824.83859982598,2
77.93834983561476,24.17568542207897,2,721.980102052523,1
78.01178264565368,46.86307396850561,0,934.731398676108,2
72.14648104448551,91.78590819207686,3,816.6145753664015,2
45.4173862032645,27.6835885653139,19,190.28072927030252,0
90.11814973535428,99.97637265309685,1,1078.5564699092374,2
59.24680389830415,101.53475957535161,4,700.3548306554193,1
51.19111062399125,65.82145071369197,2,660.1529954152752,1
42.44650849328583,10.702445888851694,8,416.53717430970045,0
75.4535765912945,41.574194649240404,19,519.812547333769,0
80.65386171053694,77.86196102133164,5,865.6506471898014,2
40.99526973567137,117.93047958301658,17,382.64761615855195,0
70.72558349795686,79.49948797183352,5,818.3076490978675,2
53.58974651187628,38.57839391705758,18,335.3800390050851,0
78.71036742456698,79.74062734095725,11,850.9477994802141,2
50.46198574029948,69.3983917687441,10,550.7478367685794,0
81.45626428614796,95.7829934666258,1,931.8555121149761,2
63.20412077803225,21.767870270965425,14,491.62535660099473,0
96.20379932420407,93.71306927522308,11,1060.481093657962,2
48.25125664875959,69.53932365437214,11,431.852166507996,0
60.46398106301551,115.92912042448941,8,701.784807889456,1
46.80841127443534,47.60593826425547,1,521.8941393802166,0
95.48161709671376,79.5884082447343,2,1058.639206680431,2
92.64036120285886,112.52309160610193,11,903.02721764524,2
55.47649766290934,21.27607007897472,15,305.90136921379025,0
79.59904276205074,113.09513359600963,0,1026.0543807493882,2
89.03333201207295,85.66742945308947,2,1107.3480777595473,2
73.31204869596775,17.46207650156891,19,452.3765993369011,0
71.77903470136039,43.105992364149785,1,756.8644665944755,1
54.5111374540271,87.89892975098097,8,685.9852875632696,1
45.586166068353954,17.408566161564885,18,165.26591991586997,0
93.83294547719962,74.03875061939006,14,793.3447978754551,2
94.02508342979982,48.04713626482524,17,739.9193350207736,1
77.98608743639608,78.30070695442248,10,753.3230643330874,1
60.34178746292204,15.031623719376412,15,321.10846783322,0
60.95257447675965,105.8690486767614,16,574.8617568073887,0
83.55734073221436,117.08378660951367,4,1057.1632980342476,2
93.82661559715463,116.57656408142606,11,942.1215454486571,2
93.22518545590704,92.46170149172171,10,971.5541684901931,2
86.79253275145743,24.309486414369516,14,726.341084124652,1
78.52189876925726,93.40895155219249,2,937.867677033243,2
45.048397899702934,12.704560810468166,0,485.17773010501867,0
49.69772284567682,12.433590668189698,19,246.71077292290818,0
93.91325131162475,45.597124106449535,15,764.690363483225,1
76.3857435795754,63.750750944513236,1,951.288066285374,2
40.55182309699778,94.74481595885726,1,642.3957045915031,1
46.08829257196193,85.16249142671558,2,660.7034784351088,1
79.81010614648335,59.04929770144232,7,861.8834438949112,2
40.30369503077312,40.09893329098325,14,194.4858434180465,0
49.64848308504992,119.68369501734823,6,692.1553397757939,1
72.92402736199517,56.87994324595702,5,800.7802314893411,2
81.5137118615616,59.652572676264306,8,737.6160832209555,1
79.11767557015602,27.99862033108361,19,551.4284786062236,0
53.45615856763359,97.42905036249223,0,743.2593588675849,1
82.73075328085216,86.30504483596376,7,978.1334773866809,2
54.23494524980801,34.28465740676364,2,617.1549602063203,1
59.52398188955606,19.0619150177427,3,545.1353625671309,0
84.78948430708145,84.85492322821844,14,892.3741124498495,2
78.97797394283288,81.99623357092487,5,880.9611947058729,2
90.95340462965068,40.05854796980303,14,766.8590853909583,1
79.4567735380206,114.59499184754515,2,977.4018092458556,2
74.0985162001283,26.616368095899027,13,518.0401362919245,0
45.62048606968555,57.55682811468621,19,280.83004173542076,0
62.06294818356601,113.79775121843588,13,678.0992471378147,1
55.91214206090353,56.17000486187345,3,607.1922639565213,1
54.63937860274501,80.23785424304941,11,562.8921183759269,0
98.38063328514673,53.73538377590737,16,808.057546857573,2
63.58586348000563,40.1636722583537,6,619.1395836028827,1
93.5227933106268,118.23754127558111,8,1067.5300319878618,2
77.86831755983577,55.026740694654734,2,868.2197008408382,2
87.6886782124989,108.35091240470479,12,833.3153524484462,2
70.15822558631153,35.29500664801948,14,540.2219716155928,0
74.61423307758155,33.441517442759164,17,641.8985121769641,1
69.55106162913184,13.42474911729625,18,427.73781080938494,0
51.71457926788267,81.68335079134735,0,681.3028714671134,1
83.34712691569032,50.537897809613725,5,855.2092772486834,2
56.846341746451344,105.07940748236008,1,842.0342203752161,2
41.45895798588723,62.053089736071286,13,408.2141654407484,0
78.72833775443007,116.5012770706194,5,985.66248167648,2
50.62664076442294,30.407806727343328,13,323.4199054302893,0
96.42751506117486,105.54854847511719,3,1148.331400021587,2
97.23571462015525,95.42565380709159,7,1086.6055409694923,2
94.89186341322691,94.80140291084572,2,1073.5911981741579,2
62.20952201532666,102.92615509285764,18,514.4216750465974,0
40.927396991732046,93.71263900372988,13,486.94995528513175,0
95.69911375526353,78.88423537945569,19,814.7194427007001,2
65.69104889903886,24.436936545062633,16,546.5332030260712,0
97.99928914262017,13.57787974403771,7,952.0033386890038,2
97.81719862535516,111.29326325972555,13,1026.1523518917686,2
91.1805673280416,77.83153459728119,5,1015.0953142929526,2
57.66693352417514,97.6191020073794,15,476.8865612399719,0
63.105863716115515,62.96745866638051,18,497.3322934856371,0
91.06820029101141,22.903900785863392,13,832.3408251309222,2
59.01532030937666,23.77043714228055,18,401.7610525376082,0
50.16956480116555,85.41218159518685,2,650.2368455552497,1
73.40807574750102,57.3336484389409,9,799.3449141437434,2
96.16928644964686,32.057719937037035,18,746.5562682375024,1
81.76178780049838,64.07540014155805,8,794.7908945370157,2
74.2036702053619,17.06298307826475,19,498.8542640140613,0
45.83058962624611,74.01685421058387,12,464.66297308920866,0
76.90043360195018,39.58927448786075,6,672.2931802048103,1
99.4032310062558,97.7315010700907,13,1008.7387443772602,2
48.405040914191446,44.13981548159312,8,492.8472908819162,0
71.0997791418242,60.07421639899813,18,547.6641429513953,0
92.64238431567733,11.278259389891069,14,794.3286002516875,2
84.44611706525227,17.969157657401475,19,627.4588190878792,1
81.82094445971609,53.17429120473533,13,836.6271829321854,2
82.14904503922656,62.79327181888359,5,834.546849150972,2
61.56946907318531,76.00226029312341,3,764.2347038429044,1
57.6155106558696,42.082883658023356,7,504.45467848487243,0
88.56166932871082,86.44800747391967,16,737.7443856711111,1
88.60680368075084,104.61346369081251,8,873.5184220482398,2
92.02433911480622,95.78360877826847,0,1138.7268098244456,2
94.79443315338827,14.358070788319285,19,700.8728688077264,1
70.68054393165627,62.855764198361186,13,613.5644148451975,1
70.09097768123198,21.542319625999234,10,505.31919936683755,0
87.89771073800651,36.62495174487802,2,887.7076795628872,2
78.99783584666591,118.5328852593861,8,907.2487793692042,2
82.11801263546221,25.674509719166455,13,717.1876141326098,1
87.74756016616607,64.87769687964916,8,886.4042079085777,2
93.40032050905398,77.9971307749931,3,1057.6004837757898,2
60.27970941109215,87.27114675985143,3,713.5327685819176,1
62.53497715839664,71.56135518356055,7,750.9336920774452,1
45.63891639045214,11.074793216110203,1,412.62626812033045,0
74.69680845977044,45.91074390683911,8,683.8276615471261,1
42.156536427804525,66.94828077231826,13,335.84402212300614,0
67.9358810879476,19.66531490593167,8,625.8246605901757,1
72.5586780824546,48.56896243300989,15,545.7817162012218,0
57.192475127697065,13.652341967050322,16,366.01536473847136,0
75.44999563414065,18.643634687052284,15,575.0327328868389,0
41.83001499634297,53.661560382175566,11,325.9053721911119,0
42.24089132495286,24.59873294473664,2,458.10535218684475,0
89.3560336395795,72.4294933087714,10,838.0286280764662,2
61.61143848467577,85.84114660509923,13,536.9429709338688,0
47.623630759113084,98.06453690199912,17,422.34566922120115,0
71.33459560328826,32.01652686692911,4,634.3912304928377,1
86.19961318591665,28.423084048497675,15,586.60216482865,1
52.949261649810595,21.50246243678403,19,314.13920641151395,0
77.37342854914002,80.00732744980003,4,926.1974375205588,2
45.12084789962608,87.71232991355913,2,573.2929828887527,0
43.10090327011646,13.474475930820624,11,259.55445195791737,0
71.88127789408888,112.98334708680588,0,995.0562344132286,2
72.43810729660639,15.716841201661964,8,578.5378444694419,1
78.2457940898924,69.54259688311775,8,733.3745034291017,1
83.5654800233597,87.9966571396008,3,1002.029935698223,2
98.55112476775207,105.80660361206941,2,1167.576364227275,2
70.97802089807172,88.54956253456706,16,700.123171014363,1
59.377388376474755,98.1900891376771,1,668.1407681012028,1
87.71117168612221,47.33952117970867,0,901.7570596647114,2
56.24993507572445,99.63076251211635,7,657.4774787736851,1
66.33828524233817,18.812633102314265,12,541.8918035521997,0
44.70738288053596,108.42983216665804,14,496.28334752314856,0
41.521044604927454,70.23516137691098,7,459.4216572435354,0
97.7589048806755,99.90275469587431,11,1020.627315966432,2
90.15880723073235,59.75501129701301,11,836.6280177498396,2
81.75845236562188,80.79354647161774,13,863.7168618446801,2
64.53717666485619,67.90429270297246,14,516.0291792809819,0
50.39765920425074,90.4748473930865,14,492.8772944564774,0
49.38622256026516,18.979298023364855,8,362.4303799199803,0
55.01457388987572,16.638729238962018,18,340.1621246669317,0
72.95359988236723,37.18135574111611,19,467.0478318365163,0
82.87575536200373,27.549914812450716,7,816.0481681699616,2
79.61184260306388,105.89619232514218,18,743.5160580221491,1
56.79603381675657,34.113538609384875,5,648.4193740492695,1
97.29191683979164,117.34517814010444,19,908.5585423145459,2
84.2738150017461,47.05853709482175,18,688.1035300194818,1
73.26124315068404,30.032970725756922,3,708.6955589353187,1
76.70324477406113,96.8668357856727,6,856.371468989892,2
65.1760037456674,82.45785530509637,3,776.9632220390844,1
54.86385937006945,64.80152880984528,11,436.8806551968163,0
61.35836071907569,71.08999060313943,12,504.8823916877971,0
85.47076662786215,89.11219560994903,2,1032.9250224903017,2
40.863609317785354,35.13002154644286,11,306.5917951941553,0
46.964358430414975,119.5967307662416,1,664.1907191842319,1
42.760158521305165,117.22724783614615,1,610.2067718645061,1
42.44372813913821,81.53582549816306,8,432.58449260152355,0
91.32763504066043,31.949669602205965,0,982.8032253614276,2
82.21947156280143,84.82510666744204,7,909.0967221687079,2
68.45042974523952,17.941824987709342,5,540.7825859465527,0
45.870049639060085,13.371775242638666,5,481.0857497143728,0
69.49695250700994,38.345117736233505,17,583.7447986896659,1
68.40830624683394,60.88852524132479,16,449.327374773644,0
50.39211219460091,105.50997559492185,11,604.2374079519926,1
66.03109895427838,89.98859767429389,5,818.0491274579236,2
63.91028406384241,91.69771733199792,7,717.5205500117972,1
76.95100588313298,56.80426678928829,18,548.2601613156627,0
78.10561905205863,48.05284918016592,9,792.9232934641717,2
42.71824058632267,50.814263928306296,0,516.7493804049718,0
62.47675687758827,118.64145201096636,12,709.4944149887633,1
77.55159494285418,14.412011055373073,16,675.3000351373769,1
70.18817551480527,105.37346457346935,2,895.2205218261722,2
91.38939047129934,73.65429494296328,7,910.3582600129918,2
79.52161789713671,58.24769611085495,13,699.9250214470909,1
49.77606562488578,89.77834264566502,2,607.8450735281384,1
44.23412484402579,63.53358355671731,15,366.08290142611867,0
78.54515669237894,106.07655618898266,12,777.3013013642644,1
41.59067863249731,109.07720504123844,19,325.41862528996785,0
75.1465348764078,56.3893019560801,16,560.0224339558582,0
96.41381448549745,40.451057695855674,12,858.4359099707287,2
74.52845067255274,75.15853614526985,5,829.4393186811695,2
63.29019557239131,110.35996801783601,16,479.38248940371057,0
78.59729310654119,33.172840790623326,13,670.2972907206696,1
67.49517342949099,78.52632419198311,16,589.7193711240371,1
72.7370073589561,79.47162421017725,7,743.0637245721092,1
96.48788852659152,90.64243246568091,10,1097.5951964107708,2
63.16615826804646,24.472445363998578,19,443.5302997886995,0
97.67143382943485,88.74074611502974,0,1099.375706216838,2
94.32103851736383,109.99357727322051,6,1115.1093836986363,2
51.74746808735779,29.765141975726618,16,399.22986862608406,0
44.16167805250993,36.12976574162654,9,385.4773581392302,0
46.0466800826456,116.85346034458036,10,562.2458233629831,0
41.093309539092985,29.907464798043875,8,367.6653583330972,0
45.6665776453557,103.9823602706537,8,440.3397040487,0
80.98040640498141,64.15056420928383,4,868.7617126258618,2
44.27131890761374,37.19541818434948,16,265.1583833456349,0
59.138537817625675,105.78248913997625,8,754.4581382842031,1
90.69251865816727,58.983578050293204,16,801.5787358603528,2
41.39631614414955,66.62990893226592,18,262.3424312001926,0
88.86810895533614,49.515670633974224,6,893.2061937717593,2
56.911286486403995,75.22459365784202,8,650.731331261094,1
47.08988965729937,27.987625984352505,6,427.64491537943303,0
81.80422992184904,53.01896903169368,12,709.1704606272973,1
77.73657080679304,116.63535545688163,10,846.8513093356503,2
92.64832081162318,38.39467759712403,13,855.307370501614,2
84.10426262823314,82.24103309954214,18,760.3329377613126,1
88.20885582309091,45.77090706471644,10,825.8437710277976,2
56.922074354278394,95.08204382552607,12,588.9617961660775,1
50.64637262678337,24.396102679018483,13,332.26880794609656,0
85.0368850984515,116.68031495863993,12,894.0320108796622,2
88.41008435603584,59.91684955220032,0,970.7693265760331,2
99.4303085200404,35.96555096811103,7,946.495222921639,2
64.75706061468559,18.084642206301393,11,586.0488037407899,1
62.32108514756699,28.67336955962948,18,356.6640000260693,0
86.58477764451982,67.17513434116194,11,800.7621618063763,2
60.448212415181075,47.07034940744149,7,530.907879819906,0
95.84543953621389,101.17717024708705,7,982.263297996933,2
91.5047651105807,57.39762760279865,12,840.5043106016399,2
65.7396416425011,37.35856998463929,11,536.2330973042502,0
85.05226406748984,77.8859485264433,15,869.3789842673947,2
85.27257244508094,87.74549385739904,0,1014.0743848567179,2
46.187432130155955,28.374609869104486,12,403.0933842112697,0
94.15317440077399,28.438113791714944,6,956.8082953382016,2
70.31514234687143,14.033856962689727,4,660.771429632893,1
89.5874479664645,91.00422165722046,7,1078.389702083367,2
59.20297606183671,83.01849803839856,13,576.4934560184046,1
93.73139370977202,62.20939633247953,12,957.3831930628788,2
63.35210072404979,102.85874938661168,14,699.0683505927846,1
40.650259088817904,98.62371682450585,16,384.48242379242987,0
94.32291858515582,74.38898008364274,14,919.5636884091363,2
45.477200607168015,105.50984085645845,19,411.9952585405709,0
59.15881825542489,32.6425331040445,17,344.6601771927525,0
97.0037180230483,22.311158133750066,17,762.5240142206338,1
97.03642881625336,39.67245726686886,1,1088.4215643935045,2
74.40627328739717,16.279554169824635,3,807.9311570817041,2
77.91023273018796,68.42864808011352,0,879.9276398705091,2
66.90673131869919,113.02662615244576,3,876.5621305825345,2
57.592646301883875,14.327789473536061,17,357.1255526297876,0
59.71987272219496,23.432090541102948,4,578.1692050750756,1
80.35110736462231,59.74189311117788,18,670.7949913298302,1
85.1424717662608,112.72625192806954,14,877.777092052054,2
87.4947426235509,44.777171547442556,7,886.5721477740236,2
87.37708856767324,65.79582895572317,19,792.4483816356814,2
45.47236618292142,14.57301449554313,16,283.07607036353545,0
69.66521828215488,26.317752105829776,0,764.8172499768435,1
43.45352560099866,118.52931352547316,11,599.8251359020869,1
72.97173293942413,116.163056607965,18,747.539922404188,1
66.49183008240263,10.543397902785058,14,471.385174699429,0
93.26225096549798,114.69929639655629,8,981.165082330447,2
61.05490075312472,80.30319315970505,6,631.763859804634,1
47.02402098565635,105.47101239720243,1,712.8438570667502,1
48.57950092317015,60.0213841197245,8,454.32215350850146,0
85.69063790304833,66.71556314371753,9,804.934731462321,2
77.09308379897567,63.77312382826122,1,845.5728193119193,2
46.067360567367416,83.35506833007148,18,323.01452672928207,0
45.04640836689985,25.36163802319442,10,393.71974310449986,0
82.0581478875472,13.297094885994575,12,659.3385648583472,1
44.365780381851614,43.872293575031,9,327.78366095360786,0
89.31160355742136,87.51488390103114,13,874.6980482643936,2
82.37453362938977,32.20387973352432,17,644.2664023833585,1
44.880926838513986,84.0775676657409,18,322.99756064457904,0
45.09026284511152,116.69032507179975,8,622.0775328043496,1
99.19837471007052,20.329078736836024,6,921.5949602897631,2
62.45624774536722,83.98623300476389,2,817.9518277950576,2
62.23852882401346,58.812524123502826,19,484.849475470889,0
88.76797403545015,105.4956479815256,5,1070.0013117197732,2
96.83491464303152,29.48647683921245,1,957.3945580684205,2
99.16006382937226,86.1888547448781,5,1093.893857395384,2
85.2026911155365,102.19268186129213,2,1023.7708746492107,2
62.57557513185495,113.90756414214256,15,557.470553357458,0
45.010043001920124,85.15728311186103,7,570.6680327330688,0
86.6288149556462,64.689224040927,1,939.7965527929485,2
73.5042549841483,77.96319642213352,16,620.490551243951,1
65.45332055481857,105.579548292659,8,695.0265103536175,1
94.38126310568416,72.76707213027126,11,959.4060916209028,2
46.67184893836908,13.342576566652054,2,387.1071565783651,0
69.55750625745155,112.40435650576755,10,801.277515609279,2
40.68121868604514,85.84794261347173,0,630.7337713995679,1
68.11963851964758,84.41647243549711,12,696.8882514487581,1
43.37819654091024,33.724266763748886,14,326.8619231289216,0
47.12907497608431,82.47740172559229,4,614.2228766909299,1
47.05157480662629,53.32508462195743,16,289.69470097388955,0
78.95261812696381,81.63562747456413,5,949.5341852019835,2
84.7626927559254,21.72523333387898,10,718.073581520337,1
75.00212590582959,82.36298350633396,17,656.4278451914652,1
97.73035290847253,119.93550983477333,3,1155.542682836724,2
62.49223477142225,15.303324274661163,2,650.1061023074103,1
57.14272517691164,117.4891602643449,12,599.5037101409351,1
92.11594769136761,54.759875679515766,8,914.0250144845761,2
53.41575031116716,105.78287953709851,5,608.9560713285682,1
97.79335236643668,96.06240324641008,11,1063.2915905822656,2
40.72926848138898,72.37178870853346,1,570.5733095284669,0
98.19272960245834,91.22941301764591,2,1119.773133964787,2
42.589594717034565,106.63671174314827,2,585.7119191553517,1
93.46858682188426,54.455435381613626,11,910.8281512979547,2
71.66206654517799,45.97364777195626,14,563.2032919638943,0
99.57788776715802,83.43527241199432,8,1048.9176882838274,2
44.42779388412393,98.86305361353844,7,595.0739854398864,1
73.23125706407924,93.85136482542774,10,729.4524443347883,1
98.15815213714595,97.7595013744498,15,970.5305655763692,2
71.38587065020893,57.91416462942263,3,800.4732991077092,2
77.76391828811575,99.96176377925238,0,972.6958695065281,2
81.74492133907702,23.222996090766927,6,748.7057263671072,1
67.27246388606639,69.89380077569345,1,858.25209325677,2
77.6534848050438,10.633452654793373,4,707.9233215716765,1
75.05885871538601,45.70444128902973,6,661.3955246754385,1
94.06948062945935,50.310768835853764,3,1028.3430235478527,2
42.72678282048747,53.57899607701809,4,414.3606528705192,0
56.85779137553382,86.50139273588483,0,776.1747564698622,1
97.02468904459352,52.74139113973803,0,1142.4748351175833,2
93.41582703345497,59.35629848847837,14,874.3583612314403,2
67.33940516714277,36.12985439617602,19,514.2243255581544,0
77.2079558680922,51.05769707922741,18,705.1974081858591,1
56.64287097886796,34.99965899894666,9,549.7660509170203,0
51.28726958342568,18.0515516145288,17,310.5044686945862,0
67.82190429639893,76.37934527195156,2,882.6751426840749,2
61.20113368156317,83.50340784105178,10,716.7569297400645,1
75.01936671105233,78.1439380610576,14,784.9201323956095,1
44.66407821789909,60.98434481806296,10,394.0022960553166,0
98.46368845996999,51.77643581971528,16,780.4888383142103,1
99.17264466877617,104.96670145290078,16,934.0002404218188,2
81.88970284118471,67.09899636498399,5,913.2771019314739,2
72.16578198064722,62.71000653927041,4,795.0357801516184,2
58.571656977179664,12.820627238707925,7,496.03377499037015,0
88.82770118241692,47.5372610388772,1,996.3756038421704,2
81.08387035323275,51.82151806644428,15,615.9414855815528,1
49.75701636069348,53.870505898659054,19,327.36964033883,0
94.65563106963054,73.81896061500655,11,985.1171141687123,2
89.35223457539014,68.69628013995663,5,983.3806882617259,2
96.98799479751544,76.86956020727891,0,1158.2095594813986,2
83.5431705033016,94.13715876963411,3,1058.57466206991,2
76.80491175614739,99.42843125877029,16,723.598815835331,1
65.09458217743713,88.99353838491439,12,616.2783154766832,1
95.9637090012408,115.10760655504282,17,994.3280552557457,2
91.9638333700245,12.00558409439978,4,942.205533440741,2
42.713120206371364,31.53557842519007,2,488.1169426518836,0
41.58201846983512,10.831916247595633,10,279.4654671644201,0
62.58780201268297,81.22221855700633,12,608.3914397912416,1
88.63319984690997,108.78336038449856,3,995.0600716315425,2
99.23656775889667,36.78305262339292,13,926.5791093461127,2
49.02501346621169,111.97379992759373,10,618.0802999937616,1
75.6478429211281,16.629412931851693,9,589.1531175516452,1
62.85345139786129,112.78796294860658,18,627.4920440711329,1
98.19486386887618,48.67849559635979,17,844.5107126319317,2
90.52713538814251,21.156291129413816,5,821.4852306207129,2
90.29972228266827,63.44589351049582,14,759.5889997940508,1
68.12158958769822,38.24542244925587,9,641.38140424558,1
64.8891701402599,41.33601921581151,4,651.6785341388762,1
56.40442431584238,43.801896141891525,4,682.6454779696903,1
43.382529799055625,98.33284876159297,9,543.1209152461875,0
91.8833425753032,69.307740434278,4,1021.1335634581994,2
88.77406054780465,44.2438469071604,2,972.3822494924871,2
99.98306039716783,77.13671616420102,5,1145.6473953184388,2
99.79821022443431,88.77657416455129,3,1172.8611551598128,2
73.32590233615764,39.98864008068871,17,583.2246254477549,1
86.13924491083063,55.49040116778867,8,803.360192629008,2
96.68594379294568,23.40747026706423,16,926.7717267338962,2
90.97884344064468,29.926428448814836,12,734.4821534386648,1
54.84088610459186,84.92296393614811,14,492.62765206320654,0
67.03264811860561,29.958218246518964,19,362.50650385859416,0
47.7495649090897,67.76797220337662,16,399.9715014361133,0
97.24306163552333,87.9950887894676,12,975.9763157984088,2
76.3704780670528,21.756461540421824,15,620.4815256696096,1
53.71856833020776,72.40434415917939,3,550.0410900652147,0
80.30204106435141,38.22190620715001,4,875.1095064268609,2
77.08769442747375,115.92195627613378,4,902.3490867535243,2
61.48976308197043,63.19002113919172,8,613.8274131298946,1
46.81345553197774,98.65918047526739,16,472.0314797043655,0
80.29439173556798,70.52491963718879,12,777.0570908366523,1
71.2184620542276,14.775378614030108,1,743.3325056036794,1
86.33910350413836,79.64665131534245,12,882.6432786673386,2
71.2098100667196,114.65436764273227,18,692.8463679495967,1
91.1308900191124,76.17730021609643,2,1016.608105495881,2
73.11441032646914,100.11077453694692,9,788.0421959268239,2
73.65627829212318,107.26271096832485,1,946.6821387904725,2
92.5992161595007,35.08877491438257,12,771.3919067464553,1
64.20897197274383,33.32493238990493,18,488.54001747668156,0
48.04091370703844,77.20790877360909,16,409.25765115797674,0
41.72696057880034,55.21313167873752,13,336.4346825415769,0
85.30823534041714,102.38474331533924,11,952.4766679864234,2
77.21857308120788,109.00254357378122,11,819.1851357990727,2
82.24478608595342,48.876351723298995,10,761.0795144485114,1
52.777849690534644,36.055761487193024,6,485.6585816795342,0
48.18228853520618,95.8578066768248,3,645.6918491520081,1
40.87267994007291,40.22866391029497,18,234.6066326378948,0
61.03525352839582,100.48757503650462,0,778.0134753314721,1
75.39506121127798,56.61120790136391,2,828.2883290598376,2
63.53464270598394,83.43048892206176,12,589.2272914780012,1
66.24849532142375,20.5088845218135,14,458.25929956709,0
94.2495216696249,78.62452571442303,1,998.2493765387527,2
60.89532802139802,59.694444661095204,10,566.7966568520928,0
70.83936934958865,74.52693094930216,3,727.3368920904902,1
87.01918076446859,28.481562851934974,18,634.0141490315804,1
63.79256693927621,91.05611194386003,16,549.4031609866017,0
77.32520201367241,104.90767852975515,2,1005.6621300595147,2
91.74182252480472,33.84137800998532,17,679.3542409525357,1
96.97123741945853,20.52860110721779,7,867.7102571682972,2
48.82440885574228,12.600244465097003,18,224.36837052803807,0
95.59525750968967,80.61686504875927,4,1028.1791226192763,2
69.52697758477228,76.78034396976588,6,827.2932036583484,2
55.4946632979375,70.1367153985477,7,533.2916951239894,0
67.54814537429567,35.5141805727573,4,667.5395899391793,1
98.80195451712862,52.99965954960661,16,870.6221267287196,2
69.55708563957218,75.39239687047903,4,830.4148172887802,2
59.72509661725049,64.64435447450863,3,662.527597325012,1
78.00405125900355,118.6564072236376,18,651.448347012121,1
54.408737126691584,25.008372781240645,1,571.598905750122,0
44.551799686519836,86.46590094523532,10,536.0512225647047,0
47.73278331463895,54.47506449147213,12,420.3873325008551,0
47.682750337466345,57.10195764181762,14,392.8523117762953,0
49.11416161073766,88.93575422239938,11,450.8622249733255,0
48.32963035896461,86.16797664568067,10,447.3486773665741,0
78.45248468819287,119.03815930724072,6,933.503247928115,2
50.91280506394869,24.123371839953776,4,426.0558482053241,0
60.740036999431794,21.452061432258297,16,449.3726039769601,0
93.80730459436072,89.67726988416153,19,790.0952732686122,2
68.43769841577235,73.622560870705,8,710.3892418625587,1
80.05346431126162,40.15767332157864,13,591.5616438180614,1
50.33919227209779,18.736130588788527,11,356.17409047637966,0
51.53734112852025,19.42240745560736,5,419.925198839907,0
42.45211697598873,108.36099621305301,16,285.1453413189028,0
50.136103784329876,31.105405719061718,18,320.663953748238,0
56.71542034191752,45.57087183270728,18,470.3539240391685,0
50.62062905660481,34.93220424496868,15,407.54437852318273,0
45.322152025423335,49.049593641513106,11,420.4052420324499,0
47.238152266036046,17.63662270207027,11,321.94870966722374,0
67.64672608196355,67.09657699990974,19,565.9549262468463,0
52.38002310434755,17.43738199514364,5,544.8676549624493,0
61.85619166288453,98.03921586045978,3,776.4814398333294,1
70.20503625129142,35.70832901014764,5,639.2490119176083,1
81.42368971776192,69.40131060649617,10,778.070303461043,1
42.358728390465934,106.8086996317604,0,722.3395075855769,1
87.96462393454256,81.59651059519136,14,829.1020521283,2
77.67402336945446,68.62535652064687,10,597.7531607402836,1
44.905541916932314,45.676712842691316,18,196.9626716711961,0
92.41471744640663,46.630210436401775,17,741.1851601797457,1
95.25234403190879,83.64356507180091,16,931.6018323835683,2
43.66467759129183,119.35532973432842,18,391.7013177612295,0
56.61265888883222,82.80231088343164,13,589.4527934038484,1
88.37207678758368,71.35617591070275,17,745.1250020198679,1
84.89558142301951,90.37155612631707,18,661.4843003710484,1
51.07126116138264,61.172617351209,14,398.4797883863402,0
52.56095940020262,16.615657686086372,14,366.08815945151315,0
62.22832616748292,71.85264974657008,3,734.086078635035,1
69.07137911146128,115.33878129559183,6,768.6359662429647,1
77.09528629181776,29.28332365934256,12,631.9597001466743,1
62.134818374186345,85.90053799027324,2,897.3829716256135,2
67.75208296798887,32.10270575249621,15,455.0627998700373,0
84.8482562880254,68.94104529203894,8,899.4008231875192,2
42.20099217343587,20.634409461139157,7,253.4449557281473,0
55.146216660641244,59.540802988400365,19,428.7333638116962,0
82.80097515307315,93.17796617847706,12,789.7494143782634,2
93.71241026123195,48.23286766628803,16,813.6942508550427,2
70.70064652693996,83.14028969359399,16,568.7107645681775,0
71.92680911591894,97.4994956868702,16,688.8097225417653,1
46.430320680386565,111.98956014273979,0,642.8498123022733,1
66.84474200940727,35.810629004099894,7,599.3162689539412,1
71.9570359873014,53.92475073902389,18,579.5191616708133,1
54.54823021808378,26.765761466345918,5,502.4945512936788,0
56.15459385696286,119.17318523742128,2,788.9113814552867,2
62.63704978627736,111.97010647167248,4,780.768644873951,1
41.20427186666358,69.39528433086156,12,374.20797139072266,0
59.3247499349907,102.62366238140633,14,610.7491476803898,1
52.68688041979268,67.30537749992465,13,448.97863646821907,0
59.64984113067488,78.59442568030357,15,478.88477336726726,0
47.18572790915508,19.803687532761828,17,229.8490408605849,0
93.4316368443937,93.07974625464887,10,1030.2328199449064,2
75.61554721324292,24.048483199875832,2,780.0610927360083,1
80.74613914866939,100.86743932777813,9,831.9513474717264,2
87.3502743164403,96.02308964374245,9,950.6269528712738,2
69.90653193574343,87.96191675172741,15,673.4049321078461,1
45.21521728524542,13.977641857723832,11,341.1074103577924,0
72.22639250911287,43.34411915398615,1,745.0603033805367,1
75.21046708125274,38.942382690192716,8,675.8698864786182,1
84.7263684510598,49.6150048218671,2,882.6522333349816,2
65.89957277378076,19.64070214402224,14,470.2447364225424,0
47.65481816773382,113.06536053341691,2,699.6248620013588,1
57.026554347923465,70.9182464783614,18,456.9112766725081,0
61.78493778391811,43.60767417238259,17,468.82557404180443,0
78.75503447989607,53.66796687817118,7,857.5872356738791,2
74.24669828013472,59.192279455531924,16,655.2960883369926,1
61.36580355387078,76.0653766696679,7,653.6987076282392,1
99.19091492757877,66.72473704661476,6,976.1643645663924,2
76.34648916141323,111.1331170535859,6,860.0037752977606,2
54.233607504159664,64.66598311964133,2,628.582787896968,1
46.106948357224226,119.13738163056439,0,740.8007382001767,1
49.171548351059926,103.65674535196054,3,652.6623775092156,1
54.757463703070485,32.93615657930694,4,520.6371524448966,0
49.64088239557334,112.36547361083079,0,684.4951268910337,1
51.19402144307834,22.80030376740237,14,344.06191151952675,0
57.10571012163082,99.91946793403108,4,755.3954151952254,1
50.40241571768529,51.86856228242381,12,507.3122470304563,0
93.8059254775855,106.57717524895764,7,1035.925175372287,2
44.81402473969853,105.48623591181953,7,551.8755601824945,0
71.47068337421528,98.65179401293832,4,791.3133364601604,2
64.6238096193797,96.90334799377675,8,817.0044206363237,2
98.94271701451638,43.514705300784485,0,1006.4064388389285,2
46.72233413008314,18.901121135637737,3,518.6086991611344,0
63.871335942744494,54.32781966416776,2,699.102201105157,1
98.16822599652212,29.087696648515955,1,994.8893285702371,2
91.93042755363882,86.4446197792708,7,931.6933365006334,2
89.02432425695679,48.07096991915641,8,986.8876148782374,2
55.474169622696394,117.31712209459064,1,785.450521580065,2
50.25325524340395,80.50692850798652,13,469.61043130521574,0
80.11859319546586,100.47286199977971,13,851.4682739319451,2
95.76255934765516,24.577714001603326,3,929.23938519826,2
73.40577358083578,104.82159304998848,5,868.793219669885,2
74.29676136819398,111.50329095647338,10,818.7910099354926,2
56.79874561961705,63.57681107008295,2,639.5337917189298,1
86.16957599151621,76.68782315260752,7,970.0533101796728,2
51.2226249134514,94.1290780993295,2,659.5516847583777,1
59.42075418425462,29.23224899864538,13,380.01543717139555,0
65.526186316985,65.28226841097867,12,590.7515318157638,1
70.4566227210673,53.85293305495444,12,644.731026906277,1
54.544583944904815,26.1011391378474,1,537.9734560303625,0
46.89020948435221,50.42878645206846,12,349.02992808913706,0
76.63720254649795,17.498954032404292,18,504.0569816234861,0
57.31783319441534,12.839309764443568,5,584.9187344763886,1
74.87429328535674,24.868291807030502,15,549.1216153353432,0
49.26176291645214,115.94266227480912,1,780.9588046416912,1
68.86840611128905,70.44824894845186,7,693.8330371023775,1
71.95536595309515,116.2404377268542,16,728.2852417974871,1
43.109412209345614,57.57476661631452,1,508.93152161509767,0
60.196256691635234,44.299774639378555,9,593.266274709633,1
48.064880616338456,65.67560491242685,15,331.0863082599743,0
43.80249822836606,58.346285749620115,5,516.8605277617625,0
99.39761394339672,21.623115268791828,1,1027.915839987035,2
59.34123069848338,80.49089461592268,1,707.3945053778067,1
88.5924667512781,33.76420007605596,12,765.1419934293854,1
55.27843928582583,78.15467503876125,14,575.7864899873896,1
80.89016333343577,81.52212016379687,1,963.8380989059907,2
85.61367159338118,26.722733844151293,6,784.4457828264824,1
75.73832443647066,16.748458982173496,2,700.6454981876478,1
68.2945713130095,95.88377446752838,7,794.9834757367016,2
64.71045484883611,60.57804661462522,13,583.0529040681458,1
60.93209599257972,16.398017505602336,6,586.8680296914131,1
95.77174865486955,119.43529488867439,6,1033.4768393415522,2
89.83716446726375,16.35586170960033,0,872.4703454472631,2
97.90161463999075,86.45387517444085,16,969.2678567113843,2
47.45783340913268,118.2046817789755,8,607.5547799882448,1
83.85204851221866,36.309811463751814,12,757.8101506115682,1
96.30042740926227,25.64743055559158,18,696.1647835984082,1
50.87398396993961,23.35234333646718,18,236.3951664558845,0
43.98977604200665,43.360266232435514,16,336.181225794542,0
84.46723895740354,21.115039211171137,9,803.8213507346352,2
74.46838679079471,86.13774758635451,9,727.5433887292036,1
90.50972660549633,16.852097794306896,3,829.8329368509347,2
48.38634259757737,66.03643409647687,7,505.50664563310517,0
87.71603871159341,119.63665392382745,19,791.4662722947887,2
52.09763920286467,99.53672964566206,19,394.04100736766964,0
49.81935657194227,77.6741382054112,17,335.97292980887556,0
49.85594787585958,43.687898286527286,13,367.513582917632,0
88.87448321388293,78.62854199208023,17,733.2671789913464,1
79.911833241772,67.97456103028168,13,685.2974093278216,1
71.38392548614716,56.869172227940865,19,557.4971916456686,0
61.529829047410146,24.378141441421942,14,451.2946616425765,0
92.6320324487865,107.52646367645134,3,1120.6171859173744,2
63.546706445358126,59.47631137034548,12,491.9680154268069,0
88.99596636829463,31.408476300284157,7,848.2706467750028,2
66.3480945142131,50.453528596501855,17,613.1698794434267,1
62.61666576549445,55.554272778181975,11,553.6615789970285,0
67.76078714017639,101.02916851235618,13,725.9036587550911,1
58.08267244984852,90.69758186175423,1,788.0222306607147,2
84.85656281057507,94.62353830054738,17,826.0726351069092,2
70.16322340554875,11.213439087151194,1,717.3921965826561,1
53.93276170880904,55.776939799773764,10,529.1857958248486,0
93.97447439647411,62.9478566798856,8,980.5911383251625,2
63.033473282392684,12.111150450536236,11,521.3293351407171,0
72.61317166683932,38.57945296195376,16,507.4197139166309,0
94.38832665787282,93.63188054343485,14,835.7778035383986,2
77.45427975483952,25.082067630189897,16,507.0277556380346,0
47.013882442501846,68.88411445978508,17,339.3990537254554,0
96.3899274168085,33.67220592189612,5,985.9400227330095,2
77.66248318428507,11.33328521082826,16,504.07083838892794,0
60.09433687942517,36.53216033594956,17,465.20621239537104,0
48.35632435980324,117.34611304010592,7,588.14171095285,1
87.64151135621776,98.16908230712886,8,928.1155176167314,2
77.20436535571082,115.55343087531368,5,886.3451655137555,2
72.0076655185793,63.66394483189987,4,693.1652268987791,1
93.63355498305745,22.070981854525385,11,826.9432199613576,2
87.31583267347185,70.27554378710622,10,949.3427999508594,2
49.100492783965066,59.9815068015957,0,607.834715266214,1
58.70332406773289,102.87927910135775,10,550.2602167953017,0
54.90934838886794,20.789083886266905,18,359.6887922420355,0
84.63677755436062,63.7065250723956,8,772.540926183248,1
42.011946084146764,26.50535311633827,1,397.67844722468493,0
74.193381092279,45.714351957906594,11,656.4456062229247,1
85.74752114444144,91.10927851265797,3,1000.8359403967402,2
92.60593820570497,62.36199423056432,3,955.3501704598369,2
60.52490492295445,51.34771136603462,17,439.07866913331463,0
89.27543828032077,53.39239064270389,14,825.2972841266497,2
46.63790421731243,60.53914452465853,18,360.0662754628424,0
90.7871375040711,96.35181982207625,12,983.1478357755766,2
47.649319739918944,108.12931578342578,18,518.2227615807157,0
63.837237433622036,115.08681551543211,16,669.0404714501403,1
87.83772194677321,96.55937248808246,5,985.659138723685,2
48.99504564092643,44.6947585322814,15,397.3056630299757,0
53.75508371395849,85.69481766951964,11,567.2762841788833,0
83.33515410358397,58.13634364609311,18,704.9425772043387,1
83.20219219276447,38.01376842506563,4,856.9103980313603,2
78.46885797311784,102.4958737368515,16,704.077622097186,1
81.636906668026,14.22689838585575,0,793.4180430608749,2
72.56346660085578,109.19381913489659,9,804.1663942245938,2
55.10794353441717,60.762521108720755,14,470.0499813539318,0
60.741759610235164,80.09216244891084,10,583.6298748535876,1
50.89586300808554,82.5289314426361,12,515.1835903965563,0
94.5070336800177,108.462951477719,4,1206.0345349575746,2
75.00350768596724,80.03366503839281,0,822.8858709725451,2
64.0510850058184,77.53269432360679,11,659.6884625835855,1
67.72034821864796,17.331724461675897,10,558.5682000652907,0
96.83700037670891,67.02488241397245,16,884.9525463617668,2
49.20108418696481,26.518590089874582,3,478.51228702638275,0
75.17378992100782,91.11771455936342,14,716.6703340764468,1
70.35332073306796,66.3444112893942,8,722.6970524598729,1
76.68725412607887,84.82505571291887,19,636.4409585098634,1
41.08661102925043,14.584019066262268,18,94.0070825565339,0
92.3274345366491,19.327121765038356,18,680.232837364345,1
95.92709694901674,88.79557268689504,11,901.0404334541478,2
73.90799101535254,17.92927695985407,4,747.598119602249,1
81.79904943261354,17.838240054178446,9,625.3897193805863,1
95.34996287063774,11.33193227583762,16,787.5962122308472,2
82.43431805880391,115.21515381294282,4,1016.2516382240988,2
49.15234257485568,91.12591954049077,15,470.44469561623316,0
74.57730161000879,48.85765493522706,6,645.2728325781501,1
76.40290278297135,42.61891394164208,8,712.8368838084199,1
65.44784027814316,48.46735527204345,2,779.0912847585116,1
84.18665413748337,95.21188842993,14,796.3599192831791,2
96.06202088614089,82.75076721774559,15,847.2186357987144,2
95.53411077440657,30.371512465421475,17,729.2506279246231,1
67.05036228424792,29.15202688674928,13,530.3937954840109,0
46.79428275044532,20.823521468473704,2,437.02134792576004,0
99.09047193774008,82.6332991671472,11,1052.8621793161599,2
90.33388518675605,94.08099284439095,8,968.2674610568229,2
47.47976087219601,39.15510711575044,6,435.32935555606457,0
95.25051295704233,12.30394571340041,8,792.0458446554453,2
92.1937817237277,19.038883422407007,12,804.2379143460379,2
71.13028342756432,116.46460383295336,17,712.3153566771181,1
75.47652614469575,42.49892552251623,4,740.1526671827554,1
63.94016223220781,94.6145462621947,12,536.8142634307603,0
43.28569832932188,78.71299257396902,3,565.8210779199511,0
60.11183449875406,52.01336036181855,1,680.8048961481276,1
88.17120691588069,32.625598841511064,15,738.7668252381126,1
40.27792138027617,23.352505997534706,8,427.342952479813,0
60.00995030146865,77.65142648427533,8,634.0607637977841,1
63.8901216154566,95.20971587015667,5,728.6287170527407,1
72.24373617627538,80.82946788952438,10,676.7301991593855,1
95.19133698476563,68.33323465740742,0,1072.9587495877186,2
60.780759661957674,14.61463457747999,3,600.0657332553188,1
60.81719211377366,116.53376553538222,12,663.904823238439,1
84.25007488658491,97.8585610820032,12,944.3911380332107,2
67.13307645338843,42.21042403710612,12,600.7058908813937,1
53.47628937639892,117.79673622947357,1,748.6163226475758,1
67.1463709679616,76.20697485999543,8,668.5496304579333,1
48.45142122278799,74.06649240279711,7,540.9808352226402,0
50.5832191903734,92.28804973724853,6,555.0578834590981,0
69.90206636436878,99.29467668991514,3,861.6015710004135,2
65.13552697027288,82.21264680646529,17,585.1512596609015,1
94.890754064086,24.090532100282005,2,956.2659937028516,2
61.74363394699799,47.209425659394824,5,605.3408685855125,1
74.8353010166826,112.08920043586546,11,698.2665686718117,1
77.93585727517183,34.70771730282371,11,740.9658436783852,1
40.78566739530002,50.938372622126465,7,424.8984387095171,0
79.81224232100263,57.52845712386156,0,934.5602015369885,2
50.682158012185084,58.33454886638974,3,500.42306106576535,0
97.66421904816731,77.4233540743978,10,1050.4808336174715,2
48.91976366518678,113.73834215191783,2,663.4134776247995,1
64.87744742362142,36.47619830157555,12,527.287105704391,0
45.12098008471863,23.365151393100987,16,204.475760862447,0
99.81245511075684,31.721753884593106,9,837.2207723097622,2
70.13170061987455,107.56173902301964,11,809.3077998309632,2
75.72310103920262,81.03918939207266,14,773.6392576460528,1
44.02458864330565,41.44974681630761,9,379.86897249800535,0
84.99762822395067,99.7541632865479,13,820.5153803222848,2
52.594335585735145,104.75069959997796,12,536.5925466005945,0
93.88325736644282,103.11657725593058,4,1067.584978674512,2
52.308378428920435,111.081918700351,5,610.2546355809263,1
51.441263239819996,37.74651221906977,1,560.2928960641475,0
42.192980070885696,93.0546121620906,16,375.6941246797545,0
68.32401670659996,60.6593447001554,3,810.4667188487481,2
73.89046799575698,102.61984081790676,13,749.856569794069,1
43.94251836570114,90.13397448777745,9,405.8755471875945,0
86.53165700170064,95.40921911496972,2,1043.8124014068796,2
67.19733008488166,82.17780214491786,2,793.5323770551645,2
71.4634161596548,29.517164641667755,14,632.1889755790768,1
66.44576481629369,69.95296107866321,5,800.8364604224637,2
64.04578365251956,118.3136713476959,16,710.3078948339523,1
73.57841987849307,113.11268731468309,11,768.9301766456327,1
49.31441475584275,14.749110937671283,19,337.1351231006479,0
50.91568782971627,28.129629730238083,10,432.9632630024241,0
91.70713726081104,24.49016508000181,3,1002.3707230515456,2
96.76692772801796,89.85779009838251,5,1047.2538767853564,2
62.398558976785175,99.95638628426396,0,808.9685254558983,2
56.244680388613226,33.486250294173914,19,358.12067210808425,0
78.63997259434095,65.64379622470119,15,700.2811988735089,1
64.52405026588579,102.477333081232,14,702.9357659947804,1
41.52318133962069,90.60816992428757,16,344.8416873173593,0
49.36915584197142,69.6460926041033,7,586.2144931434386,1
82.95833373084386,74.93824595046502,11,851.0715545660012,2
79.53543651460907,65.9196601607908,9,781.5240745373148,1
41.62575955020901,42.73032964507026,14,324.4520856663463,0
53.318329715976965,72.15241921449177,8,533.8248832471007,0
53.86448779528428,85.77738322550998,1,812.709934404149,2
80.3135646159237,106.06552074468884,4,822.0500715948924,2
41.18263226526185,79.99204893771729,5,530.457580752805,0
46.24651491907443,93.72336907474738,6,471.6820918763866,0
87.99496512239136,27.60787984500303,0,923.8825757530162,2
50.71267972326002,60.77132218617689,6,534.3890371313917,0
79.16476647111247,11.026478180980263,19,604.0822990187694,1
54.29096686280359,37.13467509737853,11,417.5714082189484,0
45.96648356556071,89.91078866243053,15,479.887008763557,0
54.590331459967246,119.09909464842998,15,500.16067188529263,0
83.33601591133956,20.90959095459375,10,792.5128272103263,2
91.34178808637714,54.16437474474171,3,953.0293582580813,2
89.8131918740195,98.00780655690754,12,917.8192578160658,2
63.83101177710729,32.44391980917887,6,596.3790242339104,1
80.08510819423877,71.05934442325149,3,962.087944494671,2
52.29905772494926,90.63784256326423,14,548.6532545377086,0
57.588863815660794,77.75839952861969,18,483.58052324307357,0
93.78014911126718,30.682720807695773,8,821.5735134987247,2
40.780115410644164,49.09230255543134,10,320.23466581579214,0
45.13051185126808,96.2170962933937,7,487.3104848241619,0
52.47317530876164,70.96491655452184,0,554.2544418570519,0
41.59193223242918,10.575257489720402,7,395.1357423962349,0
50.88612610538784,93.70898360309032,12,499.8880519429241,0
74.98249365818154,13.884249043426298,3,715.668736454053,1
65.28547303554987,92.03071610043554,7,806.7212742276479,2
93.56030266461849,32.272861618176115,2,946.3493197632188,2
89.04661370430645,115.38808281313182,8,959.2187558850317,2
60.509041101872555,50.47348264322929,1,679.8000952794349,1
55.56540600587755,45.962477797188704,1,575.945563059308,1
62.78154449003601,26.377685536568915,12,517.7886044378957,0
75.41769655088846,43.616463703923635,14,612.7267890035234,1
56.08381844937257,106.43158380110206,11,583.3377815662393,1
77.44893447094805,119.59677713899721,3,938.9877403864598,2
64.56469913147443,50.51404835575332,7,636.3640133341504,1
73.1228308511188,59.34716940499968,8,734.0967035971801,1
66.16759174811901,89.42780320230108,4,754.5327694654161,1
57.66794557251506,107.4815358511582,19,488.7042306227096,0
96.9071984177294,75.23487676054626,17,860.4655963574193,2
85.81634764958565,53.067826799561225,10,805.1782233180019,2
48.40679054598715,55.388402493348615,14,386.3985087903194,0
92.10807855387478,86.51799611464875,8,940.2832376056446,2
69.24587189497082,10.354008996470656,16,523.3963823989741,0
93.67313361364549,78.15482712058248,11,932.8823992480958,2
87.99131535683891,49.10423114854931,6,862.929278224244,2
65.512810268154,97.36170644047927,9,732.0707264314253,1
41.348158499207045,20.22897038054454,9,315.2210958122238,0
56.12064156309677,74.70224936432295,12,443.9195966354302,0
72.49805287965202,62.907017887473614,18,597.8421990825489,1
78.00869318956885,80.65580784957501,10,740.4232374756291,1
55.47326112599214,17.13389539312652,12,455.72179120773984,0
48.36136444436945,73.79821661709444,7,514.122595733211,0
90.09581420795794,71.7633046755476,7,978.4882663002278,2
99.06413084221313,71.6726103857788,3,1057.4756015338087,2
71.54141093816115,76.38364332561002,14,661.6778593898636,1
50.30075715089821,84.41147309489985,10,582.3426927241256,1
56.338439591162135,98.54878996488468,10,597.0311485206496,1
41.103440592848,39.68027921410358,0,460.85410941989693,0
94.85792839362995,100.75543511980683,16,942.8421848650025,2
47.06506497340847,64.80812504897989,14,422.0499796695925,0
74.59098853085521,18.476410704776427,19,470.42525004736405,0
56.44331324123236,16.44060221683771,5,423.0412858251109,0
73.2506801509476,46.766215056566686,14,585.5380827476915,1
79.08522330111185,96.33866748226143,8,897.3975440599625,2
89.7845082224321,87.84490282150074,13,839.7831783961363,2
52.3852763056362,96.7476461139647,17,461.8011634334816,0
40.65974971950883,66.89959620857704,16,267.5224427139252,0
48.213137804128436,58.42188977510396,17,247.36679946518984,0
94.0011185108863,26.219777937691234,4,898.676682132249,2
92.43340465375091,46.10120289702427,19,765.1930533660434,1
75.8447861302185,57.74213027912628,19,470.4194978571469,0
76.0310116260192,19.746047264757895,8,692.4105783134867,1
79.90220047277532,34.26731479823324,10,658.2531727542491,1
50.522276717406974,75.80478234701127,0,687.2544353418019,1
94.8647167554976,90.92294256631088,17,911.2089994812804,2
65.12623149352439,119.81822625322447,5,807.301370696129,2
62.98831169496985,112.64246644779135,1,831.6846419062202,2
71.13506231697025,80.68217194887107,14,622.3968322106296,1
42.817958006503304,56.33728586234792,13,278.5749817844806,0
49.97700212536476,79.9795101179056,4,684.6336868061455,1
84.28201698558223,96.42167798882552,5,917.409954474917,2
44.967920075507585,23.016981001572603,5,499.1029693180447,0
76.1891265679833,55.089537866591705,17,574.0953394230074,0
54.72094658087926,102.37825141991789,13,583.2254881655148,1
63.35773684251859,52.22162471263484,9,546.1302598677738,0
57.32162420624199,72.90594983499051,13,550.1978925775018,0
61.34036298789695,74.6546296948418,12,566.433521410997,0
83.14275431105473,30.29238784470033,2,846.3865107661644,2
57.8273029373905,49.84589858175172,5,633.4659850266311,1
73.98427841781384,46.796241761612535,7,704.9781994474084,1
68.56302413194598,12.881637938527128,11,474.98609242425925,0
79.8202699217589,12.661094028049078,12,681.5901654441598,1
96.20978435948548,101.48667480433508,10,957.7761637044085,2
83.95432583261501,40.037789097009366,11,780.4447007400644,1
52.896422715445404,66.9886642862697,0,711.5913829936435,1
41.87098810367708,42.85981309476504,16,245.65481290868993,0
55.73584265798951,113.47471696268745,15,618.4255027098592,1
75.70467584201529,38.522643475235114,10,708.1812307636873,1
43.08554880905502,57.26224940128286,12,330.5869158858771,0
69.78197483207418,106.0003275533062,17,724.891853540658,1
75.81057093501335,102.61269234709896,10,756.2475029573619,1
60.05463344901765,30.471155963090506,11,477.6536249211792,0
86.25473222474932,98.29076407752815,5,973.813110221583,2
46.39589518802631,60.40055754116819,8,495.02125201351225,0
44.50826690414853,63.12657592938908,15,402.1074857693201,0
83.6913253722162,24.682796965753816,3,893.9184254988053,2
69.72947897237191,18.866166513283712,2,716.2145387290018,1
81.30414378566417,90.07332376711418,15,754.1746301676917,1
66.08964031622477,64.61072675908298,11,533.8186445990322,0
54.78412199434641,58.053577287669754,10,448.24108179604275,0
89.14613906045199,90.24590515176364,4,1100.2859753726189,2
87.96495273813875,94.20641888902207,17,721.2587657843047,1
81.6817882512656,27.47989844362889,18,562.5531472378084,0
56.32870823379776,77.12476644254055,5,699.7669293255632,1
75.41384001214523,24.888949050545406,17,559.4019631824115,0
61.65843381640161,92.65125946319502,5,773.2891106406908,1
45.49492439959805,82.26506718938535,3,601.620795938285,1
95.03881452773456,115.22760831918038,11,1089.3224887837505,2
48.209117855137684,17.58538179920633,18,262.0333064780338,0
97.01424122924814,16.276019326637975,1,1020.866837403333,2
66.76034637747735,41.040578216252015,16,473.47229360436046,0
